x,y
0,0.0110381
0.00957581,0.0110381
0.0191516,0.011038
0.0287274,0.011038
0.0383032,0.0110377
0.0478791,0.0110374
0.0574549,0.0110369
0.0670307,0.0110357
0.0766065,0.0110285
0.0861823,0.011017
0.0957581,0.0110079
0.105334,0.0109926
0.11491,0.010968
0.124486,0.0109503
0.134061,0.0109335
0.143637,0.0109084
0.153213,0.0108896
0.162789,0.0108657
0.172365,0.0108522
0.18194,0.0108344
0.191516,0.0108248
0.201092,0.0108147
0.210668,0.0108014
0.220244,0.0107885
0.229819,0.0107832
0.239395,0.0107748
0.248971,0.0107721
0.258547,0.0107646
0.268123,0.0107591
0.277699,0.0107529
0.287274,0.010745
0.29685,0.0107382
0.306426,0.0107284
0.316002,0.0107224
0.325578,0.0107188
0.335153,0.0107161
0.344729,0.0107103
0.354305,0.0107049
0.363881,0.010702
0.373457,0.0106991
0.383032,0.0106962
0.392608,0.0106934
0.402184,0.0106907
0.41176,0.0106851
0.421336,0.0106825
0.430912,0.0106802
0.440487,0.0106783
0.450063,0.0106763
0.459639,0.0106742
0.469215,0.0106724
0.478791,0.0106703
0.488366,0.0106683
0.497942,0.0106665
0.507518,0.0106623
0.517094,0.0106602
0.52667,0.0106563
0.536245,0.0106541
0.545821,0.0106513
0.555397,0.0106492
0.564973,0.0106475
0.574549,0.010645
0.584125,0.010643
0.5937,0.0106361
0.603276,0.0106345
0.612852,0.010633
0.622428,0.0106301
0.632004,0.0106284
0.641579,0.0106263
0.651155,0.0106227
0.660731,0.0106199
0.670307,0.010618
0.679883,0.0106159
0.689458,0.010613
0.699034,0.0106102
0.70861,0.0106089
0.718186,0.0106071
0.727762,0.0106052
0.737337,0.0106034
0.746913,0.010599
0.756489,0.0105975
0.766065,0.0105962
0.775641,0.0105944
0.785217,0.0105925
0.794792,0.0105908
0.804368,0.0105887
0.813944,0.0105862
0.82352,0.0105807
0.833096,0.0105787
0.842671,0.0105761
0.852247,0.0105748
0.861823,0.0105728
0.871399,0.0105711
0.880975,0.0105679
0.890551,0.0105652
0.900126,0.0105637
0.909702,0.0105588
0.919278,0.0105573
0.928854,0.0105545
0.938429,0.0105509
0.948005,0.0105494
0.957581,0.0105469
0.967157,0.0105455
0.976733,0.010544
0.986309,0.0105423
0.995884,0.0105409
1.00546,0.0105395
1.01504,0.0105373
1.02461,0.0105359
1.03419,0.0105347
1.04376,0.0105334
1.05334,0.0105321
1.06292,0.0105306
1.07249,0.0105293
1.08207,0.0105252
1.09164,0.0105239
1.10122,0.0105225
1.11079,0.0105209
1.12037,0.0105197
1.12995,0.0105178
1.13952,0.0105156
1.1491,0.0105142
1.15867,0.0105132
1.16825,0.0105121
1.17782,0.0105103
1.1874,0.0105083
1.19698,0.0105068
1.20655,0.0105042
1.21613,0.0105027
1.2257,0.0105016
1.23528,0.0105
1.24486,0.0104986
1.25443,0.0104975
1.26401,0.0104952
1.27358,0.010494
1.28316,0.010492
1.29273,0.0104909
1.30231,0.0104881
1.31189,0.0104865
1.32146,0.0104853
1.33104,0.0104833
1.34061,0.0104823
1.35019,0.0104798
1.35977,0.010478
1.36934,0.0104769
1.37892,0.0104723
1.38849,0.0104707
1.39807,0.0104692
1.40764,0.0104681
1.41722,0.0104668
1.4268,0.0104633
1.43637,0.0104617
1.44595,0.0104608
1.45552,0.0104599
1.4651,0.0104586
1.47467,0.0104575
1.48425,0.0104556
1.49383,0.010454
1.5034,0.0104508
1.51298,0.0104499
1.52255,0.0104477
1.53213,0.0104466
1.54171,0.0104448
1.55128,0.0104432
1.56086,0.010442
1.57043,0.0104409
1.58001,0.0104398
1.58958,0.0104388
1.59916,0.0104377
1.60874,0.0104362
1.61831,0.0104346
1.62789,0.0104335
1.63746,0.0104325
1.64704,0.0104312
1.65662,0.0104301
1.66619,0.0104287
1.67577,0.0104271
1.68534,0.0104254
1.69492,0.0104241
1.70449,0.0104225
1.71407,0.0104211
1.72365,0.0104199
1.73322,0.0104186
1.7428,0.0104173
1.75237,0.010416
1.76195,0.0104147
1.77153,0.0104133
1.7811,0.0104116
1.79068,0.0104106
1.80025,0.0104095
1.80983,0.0104086
1.8194,0.0104078
1.82898,0.0104066
1.83856,0.0104057
1.84813,0.0104046
1.85771,0.0104035
1.86728,0.0104027
1.87686,0.0104017
1.88643,0.0104002
1.89601,0.010399
1.90559,0.0103977
1.91516,0.010397
1.92474,0.0103946
1.93431,0.0103936
1.94389,0.0103919
1.95347,0.0103904
1.96304,0.0103889
1.97262,0.0103874
1.98219,0.0103858
1.99177,0.0103845
2.00134,0.010383
2.01092,0.0103819
2.0205,0.0103804
2.03007,0.0103796
2.03965,0.0103783
2.04922,0.0103774
2.0588,0.0103756
2.06838,0.010374
2.07795,0.0103725
2.08753,0.0103715
2.0971,0.0103698
2.10668,0.0103684
2.11625,0.010367
2.12583,0.0103661
2.13541,0.0103651
2.14498,0.0103637
2.15456,0.0103625
2.16413,0.0103616
2.17371,0.0103603
2.18328,0.0103595
2.19286,0.0103581
2.20244,0.0103574
2.21201,0.0103561
2.22159,0.010355
2.23116,0.010354
2.24074,0.0103532
2.25032,0.0103521
2.25989,0.0103513
2.26947,0.0103503
2.27904,0.0103485
2.28862,0.0103474
2.29819,0.0103464
2.30777,0.0103448
2.31735,0.0103436
2.32692,0.0103428
2.3365,0.0103421
2.34607,0.0103408
2.35565,0.0103396
2.36523,0.0103382
2.3748,0.0103371
2.38438,0.0103359
2.39395,0.0103348
2.40353,0.0103334
2.4131,0.0103321
2.42268,0.0103312
2.43226,0.0103303
2.44183,0.0103291
2.45141,0.0103255
2.46098,0.0103244
2.47056,0.0103235
2.48014,0.0103225
2.48971,0.0103216
2.49929,0.0103203
2.50886,0.0103191
2.51844,0.0103181
2.52801,0.0103173
2.53759,0.0103163
2.54717,0.0103152
2.55674,0.0103143
2.56632,0.0103131
2.57589,0.0103123
2.58547,0.0103115
2.59505,0.0103107
2.60462,0.0103102
2.6142,0.0103092
2.62377,0.0103084
2.63335,0.0103076
2.64292,0.0103065
2.6525,0.0103057
2.66208,0.010305
2.67165,0.0103038
2.68123,0.0103025
2.6908,0.010302
2.70038,0.0103007
2.70995,0.0102995
2.71953,0.0102987
2.72911,0.0102975
2.73868,0.0102963
2.74826,0.0102948
2.75783,0.0102931
2.76741,0.0102925
2.77699,0.0102911
2.78656,0.0102901
2.79614,0.010289
2.80571,0.0102883
2.81529,0.0102878
2.82486,0.0102872
2.83444,0.0102866
2.84402,0.0102856
2.85359,0.0102846
2.86317,0.0102831
2.87274,0.0102823
2.88232,0.0102781
2.89189,0.0102771
2.90147,0.0102759
2.91105,0.0102753
2.92062,0.0102745
2.9302,0.010274
2.93977,0.0102726
2.94935,0.010272
2.95893,0.0102713
2.9685,0.01027
2.97808,0.010269
2.98765,0.010268
2.99723,0.010267
3.0068,0.0102656
3.01638,0.0102648
3.02596,0.0102641
3.03553,0.0102631
3.04511,0.0102625
3.05468,0.0102615
3.06426,0.0102609
3.07384,0.0102601
3.08341,0.0102595
3.09299,0.0102584
3.10256,0.0102576
3.11214,0.0102568
3.12171,0.0102559
3.13129,0.0102545
3.14087,0.0102532
3.15044,0.0102524
3.16002,0.0102517
3.16959,0.010251
3.17917,0.0102502
3.18875,0.0102492
3.19832,0.0102485
3.2079,0.0102479
3.21747,0.0102471
3.22705,0.010246
3.23662,0.0102454
3.2462,0.0102445
3.25578,0.0102433
3.26535,0.0102424
3.27493,0.0102415
3.2845,0.0102406
3.29408,0.01024
3.30366,0.0102393
3.31323,0.0102386
3.32281,0.010238
3.33238,0.0102374
3.34196,0.0102358
3.35153,0.0102351
3.36111,0.010234
3.37069,0.0102333
3.38026,0.0102326
3.38984,0.0102316
3.39941,0.0102311
3.40899,0.01023
3.41856,0.0102293
3.42814,0.0102285
3.43772,0.0102277
3.44729,0.010227
3.45687,0.0102261
3.46644,0.010225
3.47602,0.0102244
3.4856,0.0102235
3.49517,0.0102228
3.50475,0.010222
3.51432,0.0102213
3.5239,0.0102207
3.53347,0.0102197
3.54305,0.0102184
3.55263,0.0102177
3.5622,0.0102171
3.57178,0.0102164
3.58135,0.0102159
3.59093,0.0102148
3.60051,0.0102137
3.61008,0.0102129
3.61966,0.0102099
3.62923,0.0102091
3.63881,0.0102084
3.64838,0.0102076
3.65796,0.010207
3.66754,0.0102064
3.67711,0.0102057
3.68669,0.0102049
3.69626,0.0102042
3.70584,0.0102036
3.71541,0.0102029
3.72499,0.0102022
3.73457,0.0102013
3.74414,0.0102008
3.75372,0.0101999
3.76329,0.0101989
3.77287,0.0101978
3.78245,0.0101969
3.79202,0.0101962
3.8016,0.0101958
3.81117,0.0101952
3.82075,0.0101947
3.83032,0.0101942
3.8399,0.0101933
3.84948,0.0101927
3.85905,0.0101924
3.86863,0.0101916
3.8782,0.0101909
3.88778,0.0101903
3.89736,0.0101895
3.90693,0.010189
3.91651,0.0101885
3.92608,0.0101876
3.93566,0.0101872
3.94523,0.0101841
3.95481,0.0101833
3.96439,0.0101824
3.97396,0.0101815
3.98354,0.0101807
3.99311,0.0101801
4.00269,0.0101795
4.01227,0.010179
4.02184,0.0101785
4.03142,0.0101778
4.04099,0.0101766
4.05057,0.010176
4.06014,0.0101751
4.06972,0.0101747
4.0793,0.0101742
4.08887,0.0101736
4.09845,0.0101728
4.10802,0.0101724
4.1176,0.0101719
4.12717,0.0101715
4.13675,0.0101706
4.14633,0.0101701
4.1559,0.0101696
4.16548,0.0101684
4.17505,0.0101677
4.18463,0.0101666
4.19421,0.0101661
4.20378,0.0101657
4.21336,0.0101646
4.22293,0.0101639
4.23251,0.010163
4.24208,0.0101624
4.25166,0.0101619
4.26124,0.0101613
4.27081,0.0101608
4.28039,0.0101601
4.28996,0.0101596
4.29954,0.0101591
4.30911,0.0101582
4.31869,0.0101576
4.32827,0.0101571
4.33784,0.0101564
4.34742,0.0101557
4.35699,0.0101552
4.36657,0.0101548
4.37615,0.0101539
4.38572,0.0101532
4.3953,0.0101523
4.40487,0.0101514
4.41445,0.0101509
4.42402,0.0101504
4.4336,0.0101499
4.44318,0.0101492
4.45275,0.0101485
4.46233,0.0101478
4.4719,0.0101469
4.48148,0.0101458
4.49106,0.0101452
4.50063,0.0101444
4.51021,0.010144
4.51978,0.0101432
4.52936,0.0101425
4.53893,0.0101418
4.54851,0.0101413
4.55809,0.0101409
4.56766,0.0101402
4.57724,0.0101397
4.58681,0.0101391
4.59639,0.0101365
4.60597,0.0101354
4.61554,0.010135
4.62512,0.0101344
4.63469,0.0101337
4.64427,0.0101325
4.65384,0.010132
4.66342,0.0101316
4.673,0.0101312
4.68257,0.0101304
4.69215,0.0101296
4.70172,0.0101293
4.7113,0.0101288
4.72088,0.0101283
4.73045,0.0101271
4.74003,0.0101266
4.7496,0.0101262
4.75918,0.0101259
4.76875,0.0101253
4.77833,0.0101246
4.78791,0.0101238
4.79748,0.0101226
4.80706,0.0101216
4.81663,0.0101211
4.82621,0.0101205
4.83578,0.0101196
4.84536,0.0101188
4.85494,0.0101184
4.86451,0.0101179
4.87409,0.0101174
4.88366,0.0101169
4.89324,0.0101165
4.90282,0.0101161
4.91239,0.0101156
4.92197,0.010115
4.93154,0.0101141
4.94112,0.0101136
4.95069,0.0101104
4.96027,0.01011
4.96985,0.0101094
4.97942,0.010109
4.989,0.0101084
4.99857,0.0101077
5.00815,0.0101071
5.01773,0.0101066
5.0273,0.0101061
5.03688,0.0101056
5.04645,0.0101052
5.05603,0.0101048
5.0656,0.0101044
5.07518,0.0101035
5.08476,0.0101028
5.09433,0.0101024
5.10391,0.0101015
5.11348,0.010101
5.12306,0.0101
5.13264,0.0100994
5.14221,0.0100989
5.15179,0.0100981
5.16136,0.0100976
5.17094,0.0100972
5.18051,0.0100967
5.19009,0.0100961
5.19967,0.0100956
5.20924,0.0100949
5.21882,0.0100944
5.22839,0.0100939
5.23797,0.0100934
5.24754,0.010093
5.25712,0.0100926
5.2667,0.0100922
5.27627,0.0100918
5.28585,0.0100913
5.29542,0.0100907
5.305,0.0100903
5.31458,0.0100899
5.32415,0.0100894
5.33373,0.010089
5.3433,0.0100886
5.35288,0.0100879
5.36245,0.0100874
5.37203,0.0100869
5.38161,0.0100865
5.39118,0.0100857
5.40076,0.0100849
5.41033,0.0100845
5.41991,0.0100837
5.42948,0.010083
5.43906,0.0100824
5.44864,0.010082
5.45821,0.0100815
5.46779,0.0100811
5.47736,0.0100803
5.48694,0.0100799
5.49652,0.0100792
5.50609,0.0100788
5.51567,0.0100783
5.52524,0.0100778
5.53482,0.010077
5.5444,0.0100762
5.55397,0.0100757
5.56355,0.010075
5.57312,0.0100745
5.5827,0.0100739
5.59227,0.0100732
5.60185,0.0100728
5.61143,0.0100722
5.621,0.0100718
5.63058,0.0100715
5.64015,0.0100708
5.64973,0.0100703
5.6593,0.0100697
5.66888,0.0100691
5.67846,0.0100686
5.68803,0.010068
5.69761,0.0100673
5.70718,0.0100668
5.71676,0.0100663
5.72634,0.0100659
5.73591,0.0100652
5.74549,0.0100646
5.75506,0.0100642
5.76464,0.0100638
5.77421,0.0100632
5.78379,0.0100627
5.79337,0.0100623
5.80294,0.0100618
5.81252,0.0100614
5.82209,0.010061
5.83167,0.0100605
5.84124,0.0100599
5.85082,0.010059
5.8604,0.0100585
5.86997,0.0100578
5.87955,0.0100573
5.88912,0.0100568
5.8987,0.0100563
5.90828,0.0100557
5.91785,0.0100553
5.92743,0.0100548
5.937,0.0100544
5.94658,0.010054
5.95615,0.0100536
5.96573,0.0100531
5.97531,0.0100528
5.98488,0.0100524
5.99446,0.0100519
6.00403,0.0100515
6.01361,0.010051
6.02319,0.0100507
6.03276,0.0100504
6.04234,0.01005
6.05191,0.0100495
6.06149,0.010049
6.07106,0.0100486
6.08064,0.0100477
6.09022,0.0100473
6.09979,0.010047
6.10937,0.0100465
6.11894,0.0100456
6.12852,0.0100451
6.13809,0.0100443
6.14767,0.010044
6.15725,0.0100436
6.16682,0.0100432
6.1764,0.0100428
6.18597,0.0100423
6.19555,0.0100415
6.20513,0.0100411
6.2147,0.0100407
6.22428,0.0100403
6.23385,0.0100398
6.24343,0.0100393
6.253,0.0100388
6.26258,0.0100383
6.27216,0.0100379
6.28173,0.0100371
6.29131,0.0100363
6.30088,0.0100359
6.31046,0.0100355
6.32004,0.0100351
6.32961,0.0100348
6.33919,0.0100343
6.34876,0.0100338
6.35834,0.0100334
6.36791,0.0100327
6.37749,0.0100323
6.38707,0.0100318
6.39664,0.0100314
6.40622,0.010031
6.41579,0.0100307
6.42537,0.0100302
6.43495,0.0100297
6.44452,0.0100288
6.4541,0.0100284
6.46367,0.0100279
6.47325,0.0100274
6.48282,0.0100269
6.4924,0.0100266
6.50198,0.0100263
6.51155,0.0100259
6.52113,0.0100256
6.5307,0.0100252
6.54028,0.0100246
6.54985,0.0100241
6.55943,0.0100237
6.56901,0.0100233
6.57858,0.0100229
6.58816,0.0100224
6.59773,0.0100217
6.60731,0.0100213
6.61689,0.0100209
6.62646,0.0100202
6.63604,0.0100196
6.64561,0.0100193
6.65519,0.010019
6.66477,0.0100185
6.67434,0.0100183
6.68392,0.0100178
6.69349,0.0100174
6.70307,0.0100168
6.71264,0.0100165
6.72222,0.010016
6.7318,0.0100156
6.74137,0.0100147
6.75095,0.0100142
6.76052,0.0100138
6.7701,0.0100135
6.77967,0.0100131
6.78925,0.0100127
6.79883,0.0100123
6.8084,0.0100116
6.81798,0.0100113
6.82755,0.0100108
6.83713,0.0100104
6.84671,0.01001
6.85628,0.0100097
6.86586,0.0100092
6.87543,0.0100088
6.88501,0.0100083
6.89458,0.0100081
6.90416,0.0100076
6.91374,0.0100073
6.92331,0.0100065
6.93289,0.0100062
6.94246,0.0100056
6.95204,0.0100053
6.96162,0.010005
6.97119,0.0100047
6.98077,0.0100043
6.99034,0.0100039
6.99992,0.0100035
7.00949,0.0100028
7.01907,0.0100026
7.02865,0.0100023
7.03822,0.0100018
7.0478,0.0100015
7.05737,0.0100012
7.06695,0.0100008
7.07652,0.0100002
7.0861,0.00999988
7.09568,0.00999952
7.10525,0.00999908
7.11483,0.00999861
7.1244,0.00999823
7.13398,0.00999769
7.14356,0.0099972
7.15313,0.00999682
7.16271,0.00999648
7.17228,0.00999612
7.18186,0.00999569
7.19143,0.00999521
7.20101,0.00999486
7.21059,0.00999422
7.22016,0.00999396
7.22974,0.00999365
7.23931,0.00999325
7.24889,0.00999295
7.25847,0.00999218
7.26804,0.00999185
7.27762,0.00999126
7.28719,0.0099909
7.29677,0.00999041
7.30634,0.00998995
7.31592,0.00998953
7.3255,0.00998912
7.33507,0.00998868
7.34465,0.00998831
7.35422,0.00998787
7.3638,0.00998739
7.37338,0.00998705
7.38295,0.00998666
7.39253,0.00998625
7.4021,0.00998596
7.41168,0.00998564
7.42125,0.00998524
7.43083,0.00998491
7.44041,0.00998454
7.44998,0.00998422
7.45956,0.00998385
7.46913,0.00998363
7.47871,0.00998322
7.48828,0.00998288
7.49786,0.00998262
7.50744,0.00998084
7.51701,0.00998048
7.52659,0.00998016
7.53616,0.0099798
7.54574,0.00997922
7.55532,0.00997883
7.56489,0.00997855
7.57447,0.00997819
7.58404,0.00997776
7.59362,0.00997717
7.60319,0.00997677
7.61277,0.0099763
7.62235,0.00997599
7.63192,0.00997538
7.6415,0.00997502
7.65107,0.0099747
7.66065,0.00997438
7.67023,0.00997408
7.6798,0.00997373
7.68938,0.00997315
7.69895,0.00997276
7.70853,0.00997232
7.7181,0.009972
7.72768,0.0099716
7.73726,0.00997034
7.74683,0.00997008
7.75641,0.00996974
7.76598,0.00996937
7.77556,0.00996907
7.78514,0.0099687
7.79471,0.00996829
7.80429,0.00996795
7.81386,0.00996761
7.82344,0.00996728
7.83301,0.009967
7.84259,0.00996657
7.85217,0.00996603
7.86174,0.00996569
7.87132,0.00996539
7.88089,0.00996507
7.89047,0.00996461
7.90004,0.00996436
7.90962,0.00996389
7.9192,0.00996363
7.92877,0.00996322
7.93835,0.00996288
7.94792,0.00996246
7.9575,0.00996219
7.96707,0.00996191
7.97665,0.00996165
7.98623,0.0099613
7.9958,0.00996101
8.00538,0.00995975
8.01495,0.00995946
8.02453,0.00995902
8.03411,0.00995866
8.04368,0.00995834
8.05326,0.00995674
8.06283,0.00995629
8.07241,0.00995603
8.08198,0.00995467
8.09156,0.00995439
8.10114,0.00995409
8.11071,0.00995366
8.12029,0.00995335
8.12986,0.00995292
8.13944,0.00995253
8.14902,0.0099522
8.15859,0.00995171
8.16817,0.00995131
8.17774,0.00995091
8.18732,0.00995053
8.19689,0.00995019
8.20647,0.00994972
8.21605,0.00994925
8.22562,0.00994899
8.2352,0.00994864
8.24477,0.00994769
8.25435,0.00994735
8.26393,0.00994688
8.2735,0.00994657
8.28308,0.00994632
8.29265,0.00994519
8.30223,0.00994484
8.3118,0.00994446
8.32138,0.00994418
8.33096,0.00994388
8.34053,0.00994362
8.35011,0.00994324
8.35968,0.00994288
8.36926,0.00994248
8.37883,0.00994222
8.38841,0.00994203
8.39799,0.00994172
8.40756,0.00994142
8.41714,0.00994105
8.42671,0.00994069
8.43629,0.00994053
8.44587,0.0099403
8.45544,0.00994003
8.46502,0.00993948
8.47459,0.00993915
8.48417,0.00993893
8.49375,0.00993864
8.50332,0.0099383
8.5129,0.00993797
8.52247,0.00993771
8.53205,0.0099374
8.54162,0.00993702
8.5512,0.00993672
8.56078,0.00993637
8.57035,0.00993606
8.57993,0.00993581
8.5895,0.00993544
8.59908,0.00993479
8.60866,0.00993445
8.61823,0.00993411
8.62781,0.00993383
8.63738,0.00993351
8.64696,0.0099332
8.65653,0.00993291
8.66611,0.0099327
8.67568,0.00993244
8.68526,0.00993183
8.69484,0.00993159
8.70441,0.00993129
8.71399,0.00993077
8.72356,0.00993045
8.73314,0.00993006
8.74272,0.00992988
8.75229,0.00992946
8.76187,0.00992912
8.77144,0.0099288
8.78102,0.00992859
8.79059,0.00992832
8.80017,0.00992808
8.80975,0.00992789
8.81932,0.00992769
8.8289,0.00992738
8.83847,0.00992706
8.84805,0.00992676
8.85763,0.00992647
8.8672,0.00992616
8.87678,0.00992576
8.88635,0.00992549
8.89593,0.00992524
8.9055,0.00992501
8.91508,0.00992476
8.92466,0.00992446
8.93423,0.00992425
8.94381,0.009924
8.95338,0.0099238
8.96296,0.0099236
8.97254,0.0099232
8.98211,0.00992289
8.99169,0.00992265
9.00126,0.00992241
9.01084,0.00992205
9.02041,0.00992173
9.02999,0.00992145
9.03957,0.00992122
9.04914,0.00992103
9.05872,0.00992069
9.06829,0.00992042
9.07787,0.00992012
9.08744,0.00991982
9.09702,0.0099194
9.1066,0.00991919
9.11617,0.00991879
9.12575,0.00991848
9.13532,0.00991816
9.1449,0.0099179
9.15448,0.00991761
9.16405,0.00991732
9.17363,0.00991694
9.1832,0.00991666
9.19278,0.00991644
9.20235,0.00991615
9.21193,0.0099153
9.22151,0.00991502
9.23108,0.00991477
9.24066,0.00991452
9.25023,0.00991426
9.25981,0.00991387
9.26939,0.00991306
9.27896,0.0099128
9.28854,0.0099125
9.29811,0.00991216
9.30769,0.0099119
9.31726,0.00991169
9.32684,0.0099114
9.33642,0.0099111
9.34599,0.00991082
9.35557,0.0099106
9.36514,0.0099103
9.37472,0.00991004
9.38429,0.00990981
9.39387,0.00990953
9.40345,0.00990932
9.41302,0.00990908
9.4226,0.00990886
9.43217,0.00990849
9.44175,0.00990817
9.45133,0.00990797
9.4609,0.00990772
9.47048,0.00990751
9.48005,0.00990723
9.48963,0.00990707
9.4992,0.00990672
9.50878,0.00990646
9.51836,0.00990622
9.52793,0.00990604
9.53751,0.00990584
9.54708,0.00990559
9.55666,0.00990525
9.56624,0.00990499
9.57581,0.00990481
9.58539,0.00990451
9.59496,0.00990424
9.60454,0.00990402
9.61411,0.00990371
9.62369,0.00990337
9.63327,0.00990311
9.64284,0.00990287
9.65242,0.00990255
9.66199,0.00990221
9.67157,0.00990205
9.68115,0.00990188
9.69072,0.00990168
9.7003,0.00990147
9.70987,0.00990116
9.71945,0.00990101
9.72903,0.0099007
9.7386,0.00990045
9.74818,0.00990023
9.75775,0.00989995
9.76733,0.00989966
9.7769,0.00989933
9.78648,0.00989898
9.79606,0.00989873
9.80563,0.00989854
9.81521,0.00989836
9.82478,0.00989818
9.83436,0.00989794
9.84393,0.00989766
9.85351,0.00989741
9.86309,0.00989714
9.87266,0.00989694
9.88224,0.00989662
9.89181,0.00989648
9.90139,0.0098963
9.91097,0.00989606
9.92054,0.00989577
9.93012,0.00989554
9.93969,0.00989535
9.94927,0.00989519
9.95884,0.00989488
9.96842,0.00989461
9.978,0.0098943
9.98757,0.00989399
9.99715,0.00989378
10.0067,0.00989353
10.0163,0.00989323
10.0259,0.00989295
10.0355,0.00989272
10.045,0.00989251
10.0546,0.00989216
10.0642,0.00989187
10.0738,0.00989165
10.0833,0.00989145
10.0929,0.00989096
10.1025,0.00989077
10.1121,0.0098905
10.1216,0.00989023
10.1312,0.00988992
10.1408,0.00988968
10.1504,0.00988938
10.1599,0.0098891
10.1695,0.00988889
10.1791,0.00988864
10.1887,0.00988842
10.1982,0.00988824
10.2078,0.00988813
10.2174,0.0098879
10.227,0.00988771
10.2365,0.00988742
10.2461,0.00988716
10.2557,0.00988661
10.2653,0.00988635
10.2748,0.00988603
10.2844,0.00988582
10.294,0.00988562
10.3036,0.00988544
10.3131,0.00988526
10.3227,0.00988503
10.3323,0.00988482
10.3419,0.00988459
10.3515,0.00988441
10.361,0.00988421
10.3706,0.00988398
10.3802,0.00988377
10.3898,0.00988352
10.3993,0.0098833
10.4089,0.00988309
10.4185,0.0098829
10.4281,0.00988261
10.4376,0.00988244
10.4472,0.00988222
10.4568,0.00988198
10.4664,0.00988169
10.4759,0.0098815
10.4855,0.00988105
10.4951,0.00988082
10.5047,0.00988069
10.5142,0.00988037
10.5238,0.00988016
10.5334,0.00987993
10.543,0.0098798
10.5525,0.00987963
10.5621,0.00987943
10.5717,0.00987917
10.5813,0.00987888
10.5908,0.00987865
10.6004,0.00987839
10.61,0.00987816
10.6196,0.009878
10.6292,0.00987773
10.6387,0.00987729
10.6483,0.00987713
10.6579,0.00987683
10.6675,0.00987655
10.677,0.00987636
10.6866,0.00987615
10.6962,0.00987595
10.7058,0.00987529
10.7153,0.0098751
10.7249,0.00987492
10.7345,0.00987471
10.7441,0.00987443
10.7536,0.00987422
10.7632,0.00987402
10.7728,0.00987386
10.7824,0.00987363
10.7919,0.00987349
10.8015,0.00987322
10.8111,0.00987303
10.8207,0.00987282
10.8302,0.00987263
10.8398,0.00987244
10.8494,0.00987218
10.859,0.00987201
10.8685,0.00987173
10.8781,0.00987156
10.8877,0.00987138
10.8973,0.00987118
10.9068,0.00987095
10.9164,0.00987076
10.926,0.00987052
10.9356,0.00987034
10.9452,0.00987015
10.9547,0.00986995
10.9643,0.00986976
10.9739,0.00986962
10.9835,0.00986947
10.993,0.00986928
11.0026,0.00986914
11.0122,0.00986902
11.0218,0.00986882
11.0313,0.00986868
11.0409,0.00986848
11.0505,0.00986833
11.0601,0.00986816
11.0696,0.00986792
11.0792,0.00986773
11.0888,0.00986755
11.0984,0.00986733
11.1079,0.00986689
11.1175,0.00986672
11.1271,0.00986655
11.1367,0.00986639
11.1462,0.00986619
11.1558,0.00986603
11.1654,0.00986577
11.175,0.00986554
11.1845,0.00986541
11.1941,0.00986519
11.2037,0.00986496
11.2133,0.0098647
11.2229,0.00986447
11.2324,0.00986425
11.242,0.00986398
11.2516,0.00986382
11.2612,0.00986362
11.2707,0.00986341
11.2803,0.0098632
11.2899,0.00986302
11.2995,0.00986281
11.309,0.0098626
11.3186,0.00986247
11.3282,0.0098623
11.3378,0.00986217
11.3473,0.00986193
11.3569,0.00986175
11.3665,0.00986161
11.3761,0.00986143
11.3856,0.00986126
11.3952,0.00986113
11.4048,0.00986093
11.4144,0.00986078
11.4239,0.00986059
11.4335,0.00986041
11.4431,0.00986022
11.4527,0.00986004
11.4622,0.00985983
11.4718,0.0098596
11.4814,0.00985941
11.491,0.00985923
11.5005,0.00985898
11.5101,0.00985884
11.5197,0.00985871
11.5293,0.00985855
11.5389,0.00985835
11.5484,0.00985816
11.558,0.00985794
11.5676,0.00985767
11.5772,0.0098575
11.5867,0.00985731
11.5963,0.00985706
11.6059,0.00985687
11.6155,0.00985665
11.625,0.00985641
11.6346,0.00985624
11.6442,0.00985609
11.6538,0.0098559
11.6633,0.00985569
11.6729,0.00985553
11.6825,0.0098554
11.6921,0.00985526
11.7016,0.00985508
11.7112,0.00985493
11.7208,0.00985471
11.7304,0.00985457
11.7399,0.00985446
11.7495,0.00985429
11.7591,0.00985411
11.7687,0.00985392
11.7782,0.00985374
11.7878,0.00985355
11.7974,0.0098534
11.807,0.0098532
11.8166,0.00985301
11.8261,0.00985288
11.8357,0.00985268
11.8453,0.00985253
11.8549,0.00985234
11.8644,0.00985218
11.874,0.00985202
11.8836,0.00985186
11.8932,0.00985164
11.9027,0.00985146
11.9123,0.00985133
11.9219,0.0098511
11.9315,0.00985094
11.941,0.00985081
11.9506,0.0098507
11.9602,0.00985047
11.9698,0.00985029
11.9793,0.00985016
11.9889,0.00984997
11.9985,0.00984974
12.0081,0.00984953
12.0176,0.00984937
12.0272,0.00984925
12.0368,0.00984912
12.0464,0.00984895
12.0559,0.00984878
12.0655,0.00984862
12.0751,0.00984841
12.0847,0.00984822
12.0943,0.00984806
12.1038,0.00984792
12.1134,0.00984777
12.123,0.00984757
12.1326,0.00984741
12.1421,0.00984721
12.1517,0.00984702
12.1613,0.00984691
12.1709,0.00984682
12.1804,0.00984666
12.19,0.00984649
12.1996,0.00984631
12.2092,0.00984615
12.2187,0.00984597
12.2283,0.00984581
12.2379,0.00984569
12.2475,0.00984552
12.257,0.00984532
12.2666,0.00984515
12.2762,0.00984505
12.2858,0.00984493
12.2953,0.00984482
12.3049,0.00984467
12.3145,0.00984455
12.3241,0.00984437
12.3336,0.00984417
12.3432,0.00984395
12.3528,0.00984383
12.3624,0.00984372
12.3719,0.00984356
12.3815,0.00984342
12.3911,0.00984331
12.4007,0.00984311
12.4103,0.00984299
12.4198,0.00984284
12.4294,0.00984265
12.439,0.00984243
12.4486,0.00984227
12.4581,0.00984211
12.4677,0.00984199
12.4773,0.00984183
12.4869,0.00984164
12.4964,0.00984149
12.506,0.00984135
12.5156,0.00984124
12.5252,0.00984102
12.5347,0.0098409
12.5443,0.00984076
12.5539,0.00984052
12.5635,0.00984037
12.573,0.00984026
12.5826,0.00984015
12.5922,0.00983994
12.6018,0.00983978
12.6113,0.00983966
12.6209,0.00983949
12.6305,0.00983934
12.6401,0.0098392
12.6496,0.00983906
12.6592,0.00983892
12.6688,0.00983882
12.6784,0.00983867
12.688,0.00983857
12.6975,0.00983845
12.7071,0.00983832
12.7167,0.00983816
12.7263,0.00983804
12.7358,0.00983791
12.7454,0.00983778
12.755,0.00983764
12.7646,0.00983747
12.7741,0.00983732
12.7837,0.00983717
12.7933,0.00983705
12.8029,0.00983693
12.8124,0.00983677
12.822,0.00983671
12.8316,0.0098366
12.8412,0.00983647
12.8507,0.00983631
12.8603,0.00983616
12.8699,0.00983604
12.8795,0.00983592
12.889,0.00983581
12.8986,0.00983548
12.9082,0.00983533
12.9178,0.0098352
12.9273,0.009835
12.9369,0.00983493
12.9465,0.00983481
12.9561,0.00983463
12.9656,0.0098345
12.9752,0.00983433
12.9848,0.00983419
12.9944,0.00983403
13.004,0.00983396
13.0135,0.00983381
13.0231,0.00983371
13.0327,0.00983354
13.0423,0.00983345
13.0518,0.00983335
13.0614,0.00983323
13.071,0.0098331
13.0806,0.009833
13.0901,0.00983289
13.0997,0.00983276
13.1093,0.00983261
13.1189,0.00983248
13.1284,0.00983234
13.138,0.00983226
13.1476,0.00983214
13.1572,0.00983193
13.1667,0.00983179
13.1763,0.00983171
13.1859,0.00983158
13.1955,0.00983147
13.205,0.00983134
13.2146,0.00983119
13.2242,0.00983108
13.2338,0.00983089
13.2433,0.00983074
13.2529,0.0098306
13.2625,0.00983047
13.2721,0.00983032
13.2817,0.00983022
13.2912,0.00983013
13.3008,0.00983006
13.3104,0.00982998
13.32,0.00982985
13.3295,0.00982973
13.3391,0.00982961
13.3487,0.00982949
13.3583,0.00982933
13.3678,0.00982921
13.3774,0.00982905
13.387,0.00982896
13.3966,0.00982882
13.4061,0.00982872
13.4157,0.00982858
13.4253,0.00982844
13.4349,0.00982834
13.4444,0.00982821
13.454,0.00982813
13.4636,0.00982797
13.4732,0.00982788
13.4827,0.00982776
13.4923,0.00982759
13.5019,0.00982747
13.5115,0.0098273
13.521,0.0098272
13.5306,0.00982709
13.5402,0.00982698
13.5498,0.00982683
13.5593,0.00982665
13.5689,0.0098265
13.5785,0.00982636
13.5881,0.00982624
13.5977,0.00982616
13.6072,0.00982603
13.6168,0.00982594
13.6264,0.00982581
13.636,0.00982569
13.6455,0.0098256
13.6551,0.00982547
13.6647,0.00982529
13.6743,0.00982515
13.6838,0.00982509
13.6934,0.00982498
13.703,0.00982485
13.7126,0.00982468
13.7221,0.00982453
13.7317,0.00982439
13.7413,0.00982427
13.7509,0.00982418
13.7604,0.00982406
13.77,0.00982396
13.7796,0.00982381
13.7892,0.00982366
13.7987,0.00982354
13.8083,0.00982341
13.8179,0.00982329
13.8275,0.00982323
13.837,0.00982308
13.8466,0.00982293
13.8562,0.00982276
13.8658,0.00982268
13.8754,0.00982258
13.8849,0.00982244
13.8945,0.00982234
13.9041,0.00982222
13.9137,0.00982212
13.9232,0.009822
13.9328,0.00982183
13.9424,0.00982167
13.952,0.00982158
13.9615,0.00982152
13.9711,0.00982143
13.9807,0.00982135
13.9903,0.00982104
13.9998,0.00982095
14.0094,0.00982083
14.019,0.00982074
14.0286,0.00982065
14.0381,0.00982056
14.0477,0.00982043
14.0573,0.0098203
14.0669,0.00982017
14.0764,0.00982004
14.086,0.00981988
14.0956,0.00981974
14.1052,0.00981967
14.1147,0.00981959
14.1243,0.00981942
14.1339,0.0098193
14.1435,0.00981914
14.153,0.00981903
14.1626,0.00981895
14.1722,0.00981887
14.1818,0.00981875
14.1914,0.00981858
14.2009,0.00981848
14.2105,0.0098184
14.2201,0.00981827
14.2297,0.00981816
14.2392,0.00981801
14.2488,0.00981791
14.2584,0.0098178
14.268,0.00981767
14.2775,0.00981753
14.2871,0.0098174
14.2967,0.00981729
14.3063,0.0098172
14.3158,0.00981705
14.3254,0.00981698
14.335,0.00981688
14.3446,0.00981676
14.3541,0.0098167
14.3637,0.0098166
14.3733,0.0098165
14.3829,0.00981642
14.3924,0.00981632
14.402,0.00981621
14.4116,0.00981613
14.4212,0.009816
14.4307,0.00981583
14.4403,0.00981571
14.4499,0.00981559
14.4595,0.00981547
14.4691,0.00981536
14.4786,0.00981526
14.4882,0.00981517
14.4978,0.00981506
14.5074,0.00981498
14.5169,0.00981486
14.5265,0.00981475
14.5361,0.00981464
14.5457,0.00981448
14.5552,0.00981439
14.5648,0.00981431
14.5744,0.00981418
14.584,0.00981408
14.5935,0.00981399
14.6031,0.00981386
14.6127,0.00981376
14.6223,0.00981366
14.6318,0.00981353
14.6414,0.00981343
14.651,0.00981321
14.6606,0.00981315
14.6701,0.00981309
14.6797,0.00981296
14.6893,0.00981286
14.6989,0.00981265
14.7084,0.00981251
14.718,0.00981242
14.7276,0.00981231
14.7372,0.00981221
14.7468,0.00981211
14.7563,0.009812
14.7659,0.0098119
14.7755,0.00981181
14.7851,0.00981173
14.7946,0.00981161
14.8042,0.00981153
14.8138,0.00981141
14.8234,0.0098113
14.8329,0.00981122
14.8425,0.00981113
14.8521,0.00981106
14.8617,0.00981097
14.8712,0.00981088
14.8808,0.0098108
14.8904,0.00981069
14.9,0.0098106
14.9095,0.00981051
14.9191,0.00981043
14.9287,0.0098103
14.9383,0.0098102
14.9478,0.00981011
14.9574,0.00981002
14.967,0.00980974
14.9766,0.00980966
14.9861,0.00980962
14.9957,0.00980952
15.0053,0.00980942
15.0149,0.00980933
15.0244,0.00980926
15.034,0.00980918
15.0436,0.00980909
15.0532,0.00980899
15.0628,0.00980888
15.0723,0.00980879
15.0819,0.00980866
15.0915,0.00980859
15.1011,0.00980849
15.1106,0.00980838
15.1202,0.00980828
15.1298,0.00980819
15.1394,0.00980811
15.1489,0.00980801
15.1585,0.00980791
15.1681,0.00980782
15.1777,0.00980763
15.1872,0.00980752
15.1968,0.00980745
15.2064,0.00980729
15.216,0.00980722
15.2255,0.00980713
15.2351,0.00980706
15.2447,0.00980689
15.2543,0.00980681
15.2638,0.0098067
15.2734,0.00980663
15.283,0.00980653
15.2926,0.0098064
15.3021,0.0098063
15.3117,0.00980623
15.3213,0.00980614
15.3309,0.00980611
15.3405,0.00980606
15.35,0.00980599
15.3596,0.00980588
15.3692,0.00980576
15.3788,0.00980569
15.3883,0.00980563
15.3979,0.00980555
15.4075,0.0098055
15.4171,0.00980541
15.4266,0.0098053
15.4362,0.00980518
15.4458,0.00980513
15.4554,0.00980506
15.4649,0.00980498
15.4745,0.0098049
15.4841,0.00980481
15.4937,0.00980472
15.5032,0.00980464
15.5128,0.00980454
15.5224,0.00980443
15.532,0.00980434
15.5415,0.00980422
15.5511,0.00980412
15.5607,0.00980403
15.5703,0.00980394
15.5798,0.00980383
15.5894,0.00980374
15.599,0.00980363
15.6086,0.00980353
15.6181,0.00980345
15.6277,0.00980341
15.6373,0.0098033
15.6469,0.00980322
15.6565,0.00980314
15.666,0.00980306
15.6756,0.00980296
15.6852,0.00980289
15.6948,0.00980281
15.7043,0.00980272
15.7139,0.00980262
15.7235,0.00980251
15.7331,0.00980241
15.7426,0.00980234
15.7522,0.00980226
15.7618,0.00980213
15.7714,0.0098021
15.7809,0.009802
15.7905,0.00980192
15.8001,0.00980183
15.8097,0.00980169
15.8192,0.00980162
15.8288,0.00980157
15.8384,0.00980147
15.848,0.00980138
15.8575,0.00980124
15.8671,0.0098012
15.8767,0.00980112
15.8863,0.00980104
15.8958,0.00980095
15.9054,0.00980089
15.915,0.00980079
15.9246,0.00980071
15.9341,0.00980061
15.9437,0.00980052
15.9533,0.00980047
15.9629,0.0098004
15.9725,0.00980034
15.982,0.00980028
15.9916,0.00980016
16.0012,0.00980008
16.0108,0.00979994
16.0203,0.00979982
16.0299,0.00979972
16.0395,0.00979968
16.0491,0.00979959
16.0586,0.0097995
16.0682,0.00979946
16.0778,0.00979937
16.0874,0.00979926
16.0969,0.00979916
16.1065,0.00979908
16.1161,0.009799
16.1257,0.00979891
16.1352,0.00979882
16.1448,0.00979871
16.1544,0.00979864
16.164,0.00979858
16.1735,0.00979846
16.1831,0.00979839
16.1927,0.00979831
16.2023,0.00979826
16.2118,0.0097982
16.2214,0.00979813
16.231,0.00979804
16.2406,0.00979796
16.2502,0.0097979
16.2597,0.00979784
16.2693,0.0097978
16.2789,0.00979773
16.2885,0.00979765
16.298,0.00979758
16.3076,0.00979744
16.3172,0.00979736
16.3268,0.00979728
16.3363,0.00979721
16.3459,0.00979717
16.3555,0.00979711
16.3651,0.00979702
16.3746,0.00979696
16.3842,0.00979689
16.3938,0.00979681
16.4034,0.00979672
16.4129,0.00979663
16.4225,0.00979659
16.4321,0.00979651
16.4417,0.00979648
16.4512,0.0097964
16.4608,0.00979635
16.4704,0.00979627
16.48,0.0097962
16.4895,0.00979611
16.4991,0.00979606
16.5087,0.00979602
16.5183,0.00979593
16.5279,0.00979583
16.5374,0.00979575
16.547,0.00979566
16.5566,0.00979557
16.5662,0.00979551
16.5757,0.0097954
16.5853,0.00979535
16.5949,0.00979525
16.6045,0.00979517
16.614,0.00979509
16.6236,0.00979502
16.6332,0.00979496
16.6428,0.00979487
16.6523,0.00979477
16.6619,0.00979473
16.6715,0.00979466
16.6811,0.00979462
16.6906,0.00979453
16.7002,0.00979441
16.7098,0.00979435
16.7194,0.00979429
16.7289,0.0097942
16.7385,0.00979415
16.7481,0.0097941
16.7577,0.00979401
16.7672,0.00979395
16.7768,0.00979385
16.7864,0.00979379
16.796,0.00979372
16.8056,0.0097936
16.8151,0.00979356
16.8247,0.00979349
16.8343,0.00979344
16.8439,0.00979337
16.8534,0.00979329
16.863,0.0097932
16.8726,0.00979314
16.8822,0.00979309
16.8917,0.00979304
16.9013,0.00979298
16.9109,0.00979291
16.9205,0.00979288
16.93,0.0097928
16.9396,0.00979273
16.9492,0.00979269
16.9588,0.00979262
16.9683,0.00979255
16.9779,0.00979249
16.9875,0.00979243
16.9971,0.00979237
17.0066,0.0097923
17.0162,0.00979223
17.0258,0.00979219
17.0354,0.00979212
17.0449,0.00979209
17.0545,0.00979197
17.0641,0.00979193
17.0737,0.00979187
17.0832,0.00979182
17.0928,0.00979176
17.1024,0.0097917
17.112,0.00979165
17.1216,0.00979156
17.1311,0.00979152
17.1407,0.00979144
17.1503,0.00979141
17.1599,0.00979135
17.1694,0.0097913
17.179,0.00979125
17.1886,0.00979117
17.1982,0.00979111
17.2077,0.00979105
17.2173,0.00979095
17.2269,0.00979086
17.2365,0.00979082
17.246,0.00979077
17.2556,0.00979071
17.2652,0.00979065
17.2748,0.00979058
17.2843,0.00979052
17.2939,0.00979045
17.3035,0.00979035
17.3131,0.00979031
17.3226,0.00979021
17.3322,0.00979016
17.3418,0.00979011
17.3514,0.00979
17.3609,0.00978995
17.3705,0.00978991
17.3801,0.00978986
17.3897,0.0097898
17.3992,0.00978974
17.4088,0.00978969
17.4184,0.00978964
17.428,0.00978956
17.4376,0.00978951
17.4471,0.00978944
17.4567,0.00978937
17.4663,0.00978933
17.4759,0.00978928
17.4854,0.00978916
17.495,0.00978907
17.5046,0.009789
17.5142,0.00978894
17.5237,0.00978888
17.5333,0.00978876
17.5429,0.00978871
17.5525,0.00978867
17.562,0.0097886
17.5716,0.00978851
17.5812,0.00978845
17.5908,0.00978836
17.6003,0.00978823
17.6099,0.00978816
17.6195,0.00978811
17.6291,0.00978806
17.6386,0.009788
17.6482,0.00978789
17.6578,0.00978784
17.6674,0.00978781
17.6769,0.00978776
17.6865,0.00978768
17.6961,0.00978763
17.7057,0.00978759
17.7153,0.00978751
17.7248,0.00978744
17.7344,0.00978736
17.744,0.00978729
17.7536,0.00978722
17.7631,0.00978717
17.7727,0.00978712
17.7823,0.00978704
17.7919,0.00978697
17.8014,0.00978689
17.811,0.00978683
17.8206,0.00978677
17.8302,0.00978671
17.8397,0.00978663
17.8493,0.00978658
17.8589,0.00978654
17.8685,0.00978651
17.878,0.00978646
17.8876,0.0097864
17.8972,0.00978636
17.9068,0.00978628
17.9163,0.00978624
17.9259,0.00978618
17.9355,0.00978612
17.9451,0.00978605
17.9546,0.00978598
17.9642,0.00978592
17.9738,0.00978586
17.9834,0.00978582
17.993,0.00978576
18.0025,0.0097857
18.0121,0.00978567
18.0217,0.00978558
18.0313,0.00978556
18.0408,0.00978547
18.0504,0.00978541
18.06,0.00978535
18.0696,0.00978527
18.0791,0.00978523
18.0887,0.00978516
18.0983,0.00978506
18.1079,0.00978499
18.1174,0.00978491
18.127,0.00978485
18.1366,0.00978479
18.1462,0.00978474
18.1557,0.0097847
18.1653,0.00978463
18.1749,0.00978459
18.1845,0.00978455
18.194,0.0097845
18.2036,0.00978447
18.2132,0.00978439
18.2228,0.00978433
18.2323,0.00978427
18.2419,0.00978417
18.2515,0.00978412
18.2611,0.00978407
18.2706,0.00978401
18.2802,0.00978397
18.2898,0.00978394
18.2994,0.00978387
18.309,0.0097838
18.3185,0.00978372
18.3281,0.00978368
18.3377,0.00978364
18.3473,0.00978358
18.3568,0.00978353
18.3664,0.00978345
18.376,0.00978339
18.3856,0.00978334
18.3951,0.00978328
18.4047,0.00978321
18.4143,0.00978312
18.4239,0.00978306
18.4334,0.00978301
18.443,0.00978294
18.4526,0.00978291
18.4622,0.00978287
18.4717,0.00978282
18.4813,0.00978277
18.4909,0.0097827
18.5005,0.00978265
18.51,0.00978259
18.5196,0.00978254
18.5292,0.00978249
18.5388,0.00978242
18.5483,0.00978236
18.5579,0.00978232
18.5675,0.00978228
18.5771,0.00978223
18.5867,0.00978219
18.5962,0.00978216
18.6058,0.00978208
18.6154,0.00978204
18.625,0.00978197
18.6345,0.00978193
18.6441,0.00978187
18.6537,0.00978182
18.6633,0.0097818
18.6728,0.00978173
18.6824,0.00978167
18.692,0.00978163
18.7016,0.0097816
18.7111,0.00978153
18.7207,0.00978147
18.7303,0.00978139
18.7399,0.00978136
18.7494,0.00978132
18.759,0.00978127
18.7686,0.00978118
18.7782,0.00978113
18.7877,0.00978109
18.7973,0.00978104
18.8069,0.00978096
18.8165,0.0097809
18.826,0.00978084
18.8356,0.0097808
18.8452,0.00978073
18.8548,0.0097807
18.8643,0.00978066
18.8739,0.00978059
18.8835,0.00978056
18.8931,0.00978048
18.9027,0.00978041
18.9122,0.00978036
18.9218,0.00978032
18.9314,0.00978027
18.941,0.00978022
18.9505,0.00978018
18.9601,0.00978016
18.9697,0.0097801
18.9793,0.00978007
18.9888,0.00978001
18.9984,0.00977996
19.008,0.00977991
19.0176,0.00977986
19.0271,0.00977985
19.0367,0.00977979
19.0463,0.00977973
19.0559,0.00977969
19.0654,0.00977962
19.075,0.00977958
19.0846,0.0097795
19.0942,0.00977946
19.1037,0.0097794
19.1133,0.00977936
19.1229,0.0097793
19.1325,0.00977928
19.142,0.00977925
